"views","post","id"
"believer","Global warming is a real threat. Rising temperatures are alarming. We need action now! #climatechange",1
"believer","The science is clear: rising temperatures are a crisis. We must reduce pollution and protect our planet. #globalwarming",2
"believer","I'm worried about the future with these rising temperatures. We need to take the Paris Act seriously. #climateaction",3
"believer","Pollution is fueling global warming. We need stricter regulations and taxation on polluters. #environment",4
"believer","Rising temperatures are impacting our ecosystems. We must act now to protect our planet. #climatechange",5
"sceptic","The Paris Act is a start, but we need more action to combat global warming. #climateaction",6
"believer","I'm concerned about the rising sea levels due to global warming. We need to protect coastal communities. #climatechange",7
"believer","Pollution is a major contributor to rising temperatures. We need cleaner energy solutions. #environment",8
"believer","The science is undeniable: global warming is happening. We need to address this crisis urgently. #climatechange",9
"believer","Rising temperatures are causing extreme weather events. We need to prepare for the future. #climatechange",10
"believer","I'm worried about the impact of global warming on future generations. We need to act now. #climateaction",11
"believer","Pollution is harming our health and contributing to rising temperatures. We need cleaner air. #environment",12
"sceptic","The Paris Act is a crucial step in the fight against global warming. We must uphold its goals. #climateaction",13
"believer","Rising temperatures are a global emergency. We need international cooperation to address it. #climatechange",14
"believer","I'm concerned about the loss of biodiversity due to global warming. We need to protect our ecosystems. #climatechange",15
"believer","Pollution is not just an environmental issue; it's a social justice issue. #environment",16
"sceptic","The science is clear: we need to transition to renewable energy to combat global warming. #climatechange",17
"believer","Rising temperatures are affecting our food security. We need sustainable agriculture practices. #climatechange",18
"believer","I'm worried about the economic impact of global warming. We need to invest in green solutions. #climateaction",19
"believer","Pollution is a global problem that requires global solutions. #environment",20
"believer","The Paris Act is a testament to our commitment to fighting global warming. #climateaction",21
"believer","Rising temperatures are a threat to our planet and our way of life. We need to act now. #climatechange",22
"believer","I'm concerned about the slow pace of action on global warming. We need more urgency. #climateaction",23
"believer","Pollution is a moral issue. We have a responsibility to protect our planet. #environment",24
"sceptic","The science is clear: we need to reduce our carbon emissions to combat global warming. #climatechange",25
"believer","Rising temperatures are a call to action. We must do our part to protect our planet. #climatechange",26
"believer","I'm worried about the future if we don't take global warming seriously. #climateaction",27
"believer","Pollution is a form of violence against our planet. We need to stop it. #environment",28
"believer","The Paris Act is a symbol of hope in the fight against global warming. #climateaction",29
"believer","Rising temperatures are a reminder of our responsibility to future generations. #climatechange",30
"believer","Global warming is a serious issue that demands immediate attention. #climatechange",31
"believer","Rising temperatures are a sign of the urgent need for climate action. #globalwarming",32
"believer","I'm worried about the consequences of inaction on global warming. #climateaction",33
"believer","Pollution is destroying our planet and threatening our future. #environment",34
"believer","Rising temperatures are a clear indication of the climate crisis. #climatechange",35
"believer","The Paris Act provides a framework for global climate action. #climateaction",36
"believer","I'm concerned about the impact of rising sea levels on coastal communities. #climatechange",37
"believer","Pollution is a major threat to human health and the environment. #environment",38
"believer","The science is irrefutable: global warming is real and human-caused. #climatechange",39
"believer","Rising temperatures are contributing to more frequent and intense heatwaves. #climatechange",40
"believer","I'm worried about the long-term effects of global warming on our planet. #climateaction",41
"believer","Pollution is contaminating our air and water, harming ecosystems and human health. #environment",42
"believer","The Paris Act is an important step towards a sustainable future. #climateaction",43
"believer","Rising temperatures are melting glaciers and ice caps at an alarming rate. #climatechange",44
"believer","I'm concerned about the loss of biodiversity due to habitat destruction and climate change. #climatechange",45
"believer","Pollution is a global crisis that requires international cooperation to address. #environment",46
"believer","The science is clear: we need to transition to a low-carbon economy. #climatechange",47
"believer","Rising temperatures are affecting agricultural yields and food security. #climatechange",48
"believer","I'm worried about the potential for climate-related conflicts and displacement. #climateaction",49
"believer","Pollution is a major contributor to respiratory illnesses and other health problems. #environment",50
"believer","The Paris Act is a commitment to a cleaner, healthier planet for all. #climateaction",51
"believer","Rising temperatures are disrupting weather patterns and causing more extreme weather events. #climatechange",52
"believer","I'm concerned about the future of our planet if we don't take climate action seriously. #climateaction",53
"believer","Pollution is a form of environmental injustice, disproportionately affecting vulnerable communities. #environment",54
"believer","The science is clear: we need to act now to avoid the worst impacts of global warming. #climatechange",55
"believer","Rising temperatures are a sign that we need to change our ways. #climatechange",56
"believer","I'm worried about the legacy we're leaving behind for future generations. #climateaction",57
"believer","Pollution is a stain on our conscience. We need to clean up our act. #environment",58
"believer","The Paris Act is a promise we made to the world. We must keep it. #climateaction",59
"believer","Rising temperatures are a test of our humanity. We must rise to the challenge. #climatechange",60
"believer","I'm concerned about the lack of political will to address global warming. #climateaction",61
"sceptic","Pollution is a betrayal of our responsibility to protect our planet. #environment",62
"sceptic","The science is clear: we need to act now before it's too late. #climatechange",63
"believer","Global warming is accelerating, and we need to act faster. #climatechange",64
"believer","Rising temperatures are causing more frequent and intense wildfires. #globalwarming",65
"believer","I'm worried about the impact of climate change on vulnerable ecosystems like coral reefs. #climateaction",66
"believer","Pollution is a complex problem that requires a multi-faceted approach. #environment",67
"believer","Rising temperatures are a threat to our water resources. #climatechange",68
"believer","The Paris Act is a global agreement, but its success depends on national action. #climateaction",69
"believer","I'm concerned about the economic costs of climate inaction. #climatechange",70
"believer","Pollution is not just an environmental problem, it's an economic problem too. #environment",71
"believer","The science is clear: we need to invest in clean energy technologies. #climatechange",72
"believer","Rising temperatures are affecting the distribution of plant and animal species. #climatechange",73
"believer","I'm worried about the future of our children in a world affected by climate change. #climateaction",74
"sceptic","Pollution is a global health crisis that demands urgent action. #environment",75
"believer","The Paris Act is a framework for international cooperation on climate change. #climateaction",76
"believer","Rising temperatures are making extreme weather events more destructive. #climatechange",77
"believer","I'm concerned about the slow progress in implementing the Paris Agreement. #climateaction",78
"believer","Pollution is a major source of air and water contamination. #environment",79
"believer","The science is clear: we need to reduce our reliance on fossil fuels. #climatechange",80
"believer","Rising temperatures are a symptom of a deeper problem: our unsustainable way of life. #climatechange",81
"sceptic","I'm worried about the social and political consequences of climate change. #climateaction",82
"believer","Pollution is a violation of our responsibility to future generations. #environment",83
"believer","The Paris Act is a beacon of hope in the fight against climate change. #climateaction",84
"believer","Rising temperatures are a stark reminder of the urgency of climate action. #climatechange",85
"believer","I'm concerned about the ethical dimensions of climate change. #climateaction",86
"believer","Pollution is a consequence of our unsustainable consumption patterns. #environment",87
"believer","The science is clear: we need a fundamental shift in our values and priorities. #climatechange",88
"believer","Rising temperatures are a global challenge that requires global solutions. #climatechange",89
"believer","I'm worried about the psychological impact of climate change on individuals and communities. #climateaction",90
"sceptic","Pollution is a reflection of our disregard for the planet and its inhabitants. #environment",91
"believer","The Paris Act is a call to action for all of humanity. #climateaction",92
"believer","Rising temperatures are a test of our collective will to address climate change. #climatechange",93
"believer","I'm concerned about the future of our civilization in the face of climate change. #climateaction",94
"sceptic","I'm skeptical about man-made climate change. The climate has always changed naturally. #naturalvariation",95
"sceptic","The so-called 'scientific consensus' on climate change is politically motivated. #lackofconsensus",96
"sceptic","Climate change alarmism is just a way to control people and raise taxes. #climateskepticism",97
"sceptic","The Earth has been warmer in the past. This is just natural variation. #climatechange",98
"sceptic","I don't believe the science behind man-made global warming. It's full of holes. #climateskepticism",99
"sceptic","Climate change is a hoax perpetrated by the liberal media and politicians. #fakenews",100
"sceptic","Where is the evidence that humans are causing global warming? I'm not convinced. #showmetheproof",101
"sceptic","The climate models are flawed and unreliable. They can't predict the future accurately. #climatemodels",102
"sceptic","CO2 is a trace gas. It can't possibly have such a big impact on the climate. #co2",103
"sceptic","The sun is the main driver of climate change, not human activity. #solaractivity",104
"sceptic","Climate change is a natural cycle. We've had ice ages and warm periods before. #naturalcycles",105
"believer","The scientists who disagree with the climate change narrative are being silenced. #censorship",106
"sceptic","I'm not worried about climate change. It's a long-term problem, and we'll adapt. #adaptation",107
"sceptic","The economic costs of fighting climate change are too high. It's not worth it. #economicimpact",108
"sceptic","Climate change policies will hurt the poor and developing countries the most. #unfairpolicies",109
"sceptic","We should focus on developing new technologies to address climate change, not restricting our economy. #innovation",110
"sceptic","The climate change debate is too politicized. We need a more balanced discussion. #politics",111
"sceptic","I'm not denying that the climate is changing, but I'm not convinced that humans are the main cause. #naturalcauses",112
"sceptic","The evidence for man-made climate change is circumstantial. There's no smoking gun. #lackofevidence",113
"sceptic","I'm open to the possibility of human-caused climate change, but I need more convincing evidence. #showmethedata",114
"believer","The climate change movement is driven by fearmongering and exaggeration. #hysteria",115
"sceptic","I'm tired of the climate change doomsday predictions. They never come true. #failedpredictions",116
"sceptic","The climate change debate is too complex for the average person to understand. #confusing",117
"sceptic","I'm not a scientist, but I have common sense, and the climate change narrative doesn't make sense to me. #commonsense",118
"sceptic","The climate change alarmists are using scare tactics to push their agenda. #manipulation",119
"sceptic","I'm skeptical of any science that is funded by government grants. #biasedscience",120
"sceptic","The climate change debate is about power and control, not science. #politicalagenda",121
"believer","I'm not going to change my lifestyle because of some unproven theory about climate change. #mychoice",122
"sceptic","The climate change movement is a religion, not a science. #climatechangecult",123
"sceptic","I'm not worried about climate change. I trust that technology will solve the problem. #technologicalsolutions",124
"sceptic","The climate change debate is a distraction from more important issues. #realproblems",125
"sceptic","I'm not convinced that climate change is an existential threat. #overblown",126
"sceptic","The climate change alarmists are trying to take away our freedoms. #liberty",127
"sceptic","I'm not going to be lectured about climate change by celebrities and politicians who fly private jets. #hypocrisy",128
"sceptic","The climate change movement is elitist and out of touch with ordinary people. #ivorytower",129
"believer","I'm not going to sacrifice my standard of living because of some hypothetical future threat. #qualityoflife",130
"sceptic","The climate change debate is based on emotions, not facts. #emotionalarguments",131
"believer","I'm not going to be bullied into believing in climate change. #skepticism",132
"sceptic","The climate change movement is anti-human and anti-progress. #antihuman",133
"sceptic","I'm not going to support policies that will hurt the economy and cost jobs. #economicgrowth",134
"believer","The climate change debate is a symptom of a decadent society. #decadence",135
"sceptic","I'm not going to let climate change alarmists ruin my enjoyment of life. #enjoylife",136
"sceptic","The climate change movement is a form of collective insanity. #madness",137
"sceptic","I'm not going to be a victim of climate change hysteria. #rationality",138
"sceptic","The climate change debate is a waste of time and resources. #wastedresources",139
"sceptic","I'm not going to let climate change alarmists control my life. #freedom",140
"believer","The climate change movement is a threat to our democracy. #authoritarianism",141
"believer","I'm not going to be silenced on the issue of climate change. #freespeech",142
"sceptic","The climate change debate is a battle between good and evil. #moralbattle",143
"sceptic","I'm not going to give up hope for the future because of climate change. #optimism",144
"sceptic","The climate change movement is a force for good in the world. #positivechange",145
"sceptic","I'm going to do my part to protect the environment, regardless of my beliefs about climate change. #environmentalism",146
"sceptic","The climate change debate is an opportunity for us to come together and find solutions. #unity",147
"believer","I'm going to educate myself on the issue of climate change and form my own opinion. #criticalthinking",148
"sceptic","The climate change debate is a reminder that we are all connected and share a common fate. #interconnectedness",149
"sceptic","I'm going to have faith in humanity's ability to overcome the challenge of climate change. #faithinhumanity",150
"sceptic","The climate change debate is a call to action for us to be better stewards of the planet. #stewardship",151
"sceptic","I'm going to approach the climate change debate with an open mind and a willingness to listen. #openmindedness",152
"sceptic","The climate change debate is a chance for us to learn and grow as a society. #learning",153
"sceptic","I'm going to be a part of the solution to climate change, not the problem. #solutionoriented",154
"sceptic","The climate change debate is a test of our values and priorities. #values",155
"sceptic","I'm going to live my life in a way that is sustainable and respectful of the environment. #sustainableliving",156
"sceptic","The climate change debate is a reminder that we are all part of something bigger than ourselves. #bigpicture",157
"sceptic","I'm going to be grateful for the beauty and wonder of the natural world. #gratitude",158
"sceptic","The climate change debate is an opportunity for us to create a better future for all. #hope",159
"believer","Enjoying a cup of hot cocoa on this cold winter night. #hotcocoa #winter",160
"believer","I'm so cold I can barely type. #coldweather #typing",161
"believer","I'm spending all my money on hot drinks. ? #coldweather #hotdrinks",162
"believer","Cloudy with a chance of sunshine. Typical spring weather! #springweather #clouds",163
"believer","I'm officially declaring war on winter. ?? #winter #war",164
"believer","This weather makes me want to stay in bed all day. #coldweather #lazyday",165
"believer","My dog refuses to go outside in this weather. ?? #coldweather #dogproblems",166
"believer","Anyone else's car struggling in this cold? ?? #coldweatherproblems #carproblems",167
"believer","My commute is going to be fun in this weather. (Sarcasm) #commute #winter",168
"believer","The weather is making it hard to decide what to wear! #weather #fashion",169
"believer","This cold is making me so grumpy. ?? #coldweather #grumpy",170
"believer","I'm convinced my apartment is colder than outside. #coldapartment #winter",171
"believer","Foggy morning commute. Drive carefully everyone! #fog #foggyweather",172
"believer","Soaking up the last rays of summer sun. #summer #sunshine",173
"believer","Enjoying a beautiful sunset. What a way to end the day! #sunset #beautifulsky",174
"believer","This weather is making me appreciate the warmth of my home. #home #winter",175
"believer","I'm convinced this cold is never going to end. #winter #forever",176
"believer","Is it ever going to warm up? I'm so over this cold. #winter #cold",177
"believer","My hot water bottle is my lifeline. #hotwaterbottle #winter",178
"believer","Hot chocolate is the only thing keeping me alive right now. #hotchocolate #winter",179
"believer","I'm starting to believe summer is a myth. #summer #winter",180
"believer","The weather is so unpredictable these days! #weather #unpredictable",181
"believer","Hot and humid today! Stay hydrated everyone. #summerheat #humidity",182
"believer","The sun is shining and the birds are chirping. It's a beautiful day! #sunnyday #spring",183
"believer","I'm pretty sure my blood has turned to ice. #coldweather #iceblood",184
"believer","I need a vacation to a warm beach. STAT. ??? #coldweather #vacationneeded",185
"believer","I'm wearing so many layers I can barely move. #coldweather #layers",186
"believer","This cold is making me want to curl up with a good book and never leave the house. #book #winter",187
"believer","I'm officially hibernating until spring. ?? #hibernation #winter",188
"believer","Perfect beach weather! Time to soak up some sun and enjoy the waves. #beachday #summer",189
"believer","The air is so fresh and clean after the rain. #freshair #rain",190
"believer","The wind is picking up! Looks like we might get some more rain. #wind #rain",191
"believer","My electric blanket is my best friend. #electricblanket #winter",192
"believer","This cold is making me crave comfort food. ?? #comfortfood #winter",193
"believer","This cold is making me question all my life choices. #coldweather #existentialcrisis",194
"believer","This wind is cutting right through me.  #windy #cold",195
"believer","This cold is making me want to hibernate until spring. ?? #hibernation #winter",196
"believer","Ugh, this cold is brutal! ?? #coldweather #winter",197
"believer","The first frost of the season! Winter is definitely on its way. #frost #winter",198
"believer","Spring is in the air! The flowers are blooming and the birds are singing. #spring #newbeginnings",199
"believer","The wind is howling tonight! Sounds like a storm is brewing. #windy #stormyweather",200
"believer","I'm turning into an ice cube. ?? #coldweather #ice",201
"sceptic","Beautiful sunny day here! Perfect for a walk in the park. #sunnyday #weather",202
"sceptic","Rainy day blues. Time to curl up with a good book. #rainyday #cozy",203
"sceptic","Loving this crisp autumn air. The leaves are so colorful! #autumn #fallcolors",204
"sceptic","Brrr, it's getting cold out there! Time for a warm coat. #winter #coldweather",205
"sceptic","The weather forecast is calling for thunderstorms. Stay safe everyone! #thunderstorm #weatherforecast",206
"sceptic","Snow is falling! Time for some winter fun. #snow #winterwonderland",207
"sceptic","What's the weather like where you are? #weather #globalweather",208
"sceptic","The leaves are changing color so quickly! Autumn is my favorite season. #autumnleaves #fall",209
"sceptic","Winter is coming! Time to prepare for the cold. #winteriscoming #coldweather",210
"sceptic","Enjoying the warmth of the sun on this chilly day. #sunshine #winterdays",211
"sceptic","The rain is coming down in buckets! #rain #heavyrain",212
"sceptic","What a gorgeous rainbow after the storm! #rainbow #afterthestorm",213
"sceptic","The weather is perfect for a picnic in the park. #picnic #outdoors",214
"sceptic","Love watching the clouds drift by. #clouds #sky",215
"sceptic","Enjoying the peacefulness of a snowy day. #snowday #peaceful",216
"sceptic","The fog is rolling in. It's so mysterious! #fog #mystery",217
"sceptic","The weather is beautiful today! Perfect for a bike ride. #bikeride #outdoors",218
"sceptic","The rain is making everything so green and lush. #rain #greenery",219
"sceptic","My bones are aching from this chill. Send help (and blankets)! #freezing #winterwoes",220
"sceptic","I can't feel my fingers! ?? #coldweatherproblems #winter",221
"sceptic","My heating bill is going to be insane. ?? #coldweather #expensive",222
"sceptic","My nose is frozen.  ?? #coldweather #winter",223
"sceptic","Layering up like an onion. ?? #coldweather #layers",224
"sceptic","This cold is making me so unproductive. #coldweather #procrastination",225
"sceptic","I'm pretty sure I've developed a permanent shiver. #coldweather #shivering",226
"sceptic","Is it too early to start dreaming of summer? ?? #summerdreaming #winter",227
"sceptic","I'm wearing all the sweaters I own. ?? #coldweather #sweaters",228
"sceptic","This cold is making me miss the sun. ?? #sunshine #winter",229
"sceptic","Is it socially acceptable to wear a snowsuit everywhere? #snowsuit #winter",230
"sceptic","My lips are chapped and my skin is dry. ?? #coldweather #dryskin",231
"sceptic","I'm ready for spring now. Please! ?? #spring #winter",232
"sceptic","I need a hug. And a blanket. #coldweather #hug",233
"sceptic","My car is covered in ice. Fun times. ?? #icedcar #winter",234
"sceptic","I'm walking like a penguin to avoid slipping on the ice. ?? #ice #winter",235
"sceptic","This weather is making me want to move to a tropical island. ??? #tropicalisland #winter",236
"sceptic","Does anyone have any tips for staying warm? #coldweather #tips",237
"sceptic","I'm dreaming of warm beaches and sunshine. ?? #warmweather #winter",238
"sceptic","I'm so cold I can see my breath. #coldweather #breath",239
"sceptic","I'm starting to think I should have moved south. #south #winter",240
"sceptic","I'm ready for spring to be here already. #spring #winter",241
"sceptic","I'm officially over winter. Bring on the sunshine! ?? #sunshine #winter",242
